variable,illustrative_value_CAD_or_count,notes
monthly_fixed_costs,22500,"Placeholder only; replace with real labour, insurance, storage, vehicle, software and admin costs"
monthly_sponsor_contribution,5000,"Placeholder only; do not assume sponsor revenue"
monthly_after_school_community_contribution,7000,"Gross contribution, not revenue"
contribution_margin_per_school_booking,550,"Revenue minus variable delivery costs"
required_school_booking_equivalents,19.1,"Formula: (fixed - sponsor - afterschool contribution) / school contribution margin"
classroom_session_low,350,"Illustrative demand-test price only"
classroom_session_high,650,"Illustrative demand-test price only"
half_day_low,700,"Illustrative demand-test price only"
half_day_high,1200,"Illustrative demand-test price only"
full_day_low,1200,"Illustrative demand-test price only"
full_day_high,2000,"Illustrative demand-test price only"
six_week_cohort_per_learner_low,180,"Illustrative demand-test price only"
six_week_cohort_per_learner_high,450,"Illustrative demand-test price only"
family_ticket_low,20,"Illustrative demand-test price only"
family_ticket_high,50,"Illustrative demand-test price only"
corporate_event_low,1500,"Illustrative demand-test price only"
corporate_event_high,5000,"Illustrative demand-test price only"
sponsor_campaign_low,1000,"Illustrative demand-test amount only"
sponsor_campaign_high,10000,"Illustrative demand-test amount only"
